Запрос;Точная частота;Базовая;Город;Мешки
купить землю в екатеринбурге;121;901;Екатеринбург;
купить торф в екатеринбурге;75;418;Екатеринбург;
екатеринбург купить землю;69;1380;Екатеринбург;
опил в мешках купить в екатеринбурге;66;73;Екатеринбург;да
перегной купить в екатеринбурге с доставкой цена;56;80;Екатеринбург;
купить перегной в екатеринбурге в мешках;55;141;Екатеринбург;да
купить торф в екатеринбурге с доставкой цена;53;95;Екатеринбург;
чернозем купить в екатеринбурге с доставкой;43;84;Екатеринбург;
купить чернозем в екатеринбурге;41;174;Екатеринбург;
торф в мешках купить в екатеринбурге;39;55;Екатеринбург;да
купить опилки в екатеринбурге;38;96;Екатеринбург;
купить торф в нижнем тагиле с доставкой цена;37;43;Нижний Тагил;
купить перегной в мешках в екатеринбурге с доставкой недорого;37;37;Екатеринбург;да
чернозем купить в нижнем тагиле;31;37;Нижний Тагил;
купить опилки в екатеринбурге с доставкой дешево;30;30;Екатеринбург;
перегной купить в екатеринбурге;29;262;Екатеринбург;
перегной купить в нижнем тагиле;27;81;Нижний Тагил;
земля купить екатеринбург;26;1380;Екатеринбург;
купить чернозем с доставкой екатеринбург недорого;25;27;Екатеринбург;
перегной купить в екатеринбурге в мешках с доставкой цена;25;27;Екатеринбург;да
купить в екатеринбурге навоз;24;158;Екатеринбург;
купить навоз в екатеринбурге в мешках с доставкой цена;24;28;Екатеринбург;да
торфогрунт купить в екатеринбурге;23;37;Екатеринбург;
купить перегной в мешках в нижнем тагиле;23;33;Нижний Тагил;да
кислый торф купить в екатеринбурге;22;72;Екатеринбург;
почвогрунт купить в екатеринбурге;22;53;Екатеринбург;
купить землю в нижнем тагиле;22;89;Нижний Тагил;
земля в мешках купить в екатеринбурге;22;68;Екатеринбург;да
торф кислый верховой купить в екатеринбурге;21;34;Екатеринбург;
земля в екатеринбурге сколько стоит;21;177;Екатеринбург;
навоз в нижнем тагиле купить;21;47;Нижний Тагил;
перегной купить с доставкой в екатеринбурге;20;164;Екатеринбург;
купить чернозем с доставкой цена в екатеринбурге;19;25;Екатеринбург;
цена чернозем в екатеринбурге с доставкой цена;19;25;Екатеринбург;
земля плодородная купить в екатеринбурге;19;52;Екатеринбург;
купить в екатеринбурге с доставкой фрезерованный торф;18;21;Екатеринбург;
торф купить с доставкой в екатеринбурге;17;152;Екатеринбург;
опил купить в екатеринбурге с доставкой цена;16;19;Екатеринбург;
навоз нижний тагил купить;16;84;Нижний Тагил;
опил в нижнем тагиле с доставкой цена купить;15;17;Нижний Тагил;
навоз купить в екатеринбурге в мешках;15;68;Екатеринбург;да
земля в екатеринбурге купить;14;893;Екатеринбург;
екб купить землю;14;82;Екатеринбург;
екатеринбург купить навоз конский;14;57;Екатеринбург;
купить грунт екатеринбург;13;864;Екатеринбург;
грунт в екатеринбурге купить;13;650;Екатеринбург;
урал грунт екатеринбург;13;17;Екатеринбург;
грунт гф 021 купить в екатеринбурге;13;17;Екатеринбург;
купить грунт в екатеринбурге с доставкой цена;13;21;Екатеринбург;
почвогрунт с доставкой купить в екатеринбурге;13;18;Екатеринбург;
перегной в мешках купить в екатеринбурге с доставкой;13;76;Екатеринбург;да
купить навоз конский в екатеринбурге;13;33;Екатеринбург;
навоз купить с доставкой коровий екатеринбург;13;20;Екатеринбург;
торф в нижнем тагиле купить;12;90;Нижний Тагил;
екатеринбург купить торф;12;477;Екатеринбург;
фабрика торфа екатеринбург;12;52;Екатеринбург;
купить чернозем в мешках в екатеринбурге;12;29;Екатеринбург;да
где купить чернозем в мешках в екатеринбурге;12;13;Екатеринбург;да
навоз купить в екатеринбурге с доставкой цена;12;40;Екатеринбург;
эпоксидный грунт купить в екатеринбурге;11;18;Екатеринбург;
торф екатеринбург производитель;10;11;Екатеринбург;
купить кислый торф для голубики в екатеринбурге;10;14;Екатеринбург;
купить торф в екатеринбурге с доставкой цена за куб;10;42;Екатеринбург;
стоимость сотки земли в екатеринбурге;10;72;Екатеринбург;
купить плодородную землю в екатеринбурге;10;44;Екатеринбург;
купить в екатеринбурге землю в мешках;10;58;Екатеринбург;да
купить землю в екб;10;37;Екатеринбург;
навоз купить с доставкой в екатеринбурге;10;83;Екатеринбург;
куплю торф екатеринбург с доставкой;9;148;Екатеринбург;
торф кислый купить екатеринбург;9;93;Екатеринбург;
утилизация грунта екатеринбург;9;28;Екатеринбург;
плодородный грунт купить в екатеринбурге;9;24;Екатеринбург;
участок земли участок в екатеринбурге;9;91;Екатеринбург;
торф екатеринбург;8;722;Екатеринбург;
продажа торфа в екатеринбурге;8;11;Екатеринбург;
грунт для цитрусовых купить в екатеринбурге;8;8;Екатеринбург;
продажа участков земли в екатеринбурге;8;11;Екатеринбург;
участок земли купить в екатеринбурге;8;31;Екатеринбург;
купить землю под склад в екатеринбурге;8;8;Екатеринбург;
купить перегной торф в екатеринбурге;7;7;Екатеринбург;
купить торф для голубики в екатеринбурге;7;21;Екатеринбург;
чернозем екатеринбург купить;7;233;Екатеринбург;
земля эльзы тюз екатеринбург;7;7;Екатеринбург;
участок земли купить екатеринбург;7;72;Екатеринбург;
купить дом землю в екатеринбурге;7;143;Екатеринбург;
купить землю в горном щите екатеринбург;7;13;Екатеринбург;
купить конский навоз в нижнем тагиле;7;11;Нижний Тагил;
екатеринбург купить навоз;7;229;Екатеринбург;
купить торф низинный в екатеринбурге;6;8;Екатеринбург;
грунт екатеринбург;6;1899;Екатеринбург;
грунт приму екатеринбург;6;9;Екатеринбург;
купить плодородный грунт в екатеринбурге с доставкой цена;6;7;Екатеринбург;
купить землю в нижнем тагиле в мешках;6;11;Нижний Тагил;да
земля екатеринбург;6;5040;Екатеринбург;
стоимость земли в екатеринбурге;6;127;Екатеринбург;
земля под производство екатеринбург;6;15;Екатеринбург;
купить землю в екатеринбурге для огорода;6;23;Екатеринбург;
купить землю под производство в екатеринбурге;6;6;Екатеринбург;
купить землю в екатеринбурге для огорода недорого с доставкой;6;8;Екатеринбург;
стоимость земли в екатеринбурге за сотку в черте города;6;6;Екатеринбург;
конский навоз в мешках купить в екатеринбурге с доставкой;6;11;Екатеринбург;да
грунт купить в нижнем тагиле;5;21;Нижний Тагил;
эпоксидный грунт купить екатеринбург;5;24;Екатеринбург;
грунт агробалт купить в екатеринбурге;5;16;Екатеринбург;
купить перегной в нижнем тагиле с доставкой цена;5;5;Нижний Тагил;
навоз перегной в мешках купить в екатеринбурге;5;5;Екатеринбург;да
конский перегной в мешках купить в екатеринбурге;5;8;Екатеринбург;да
купить землю верхний тагил;5;7;Нижний Тагил;
земля в екатеринбурге;5;2544;Екатеринбург;
земля коммерческая екатеринбург купить;5;41;Екатеринбург;
сколько стоит машина земли екатеринбург;5;12;Екатеринбург;
купить землю рядом с екатеринбургом;5;12;Екатеринбург;
горный щит купить землю екатеринбург;5;23;Екатеринбург;
купить опил с доставкой в екатеринбурге;5;22;Екатеринбург;
купить торф в нижнем тагиле в мешках;4;13;Нижний Тагил;да
утилизация грунта в екатеринбурге;4;7;Екатеринбург;
екатеринбург купить перегной;4;285;Екатеринбург;
купить удобрение коровяк в екатеринбурге;4;4;Екатеринбург;
участок земли купить в нижнем тагиле;4;5;Нижний Тагил;
нижний тагил купить землю;4;151;Нижний Тагил;
дома на земле в екатеринбурге;4;20;Екатеринбург;
цена сотки земли в екатеринбурге;4;19;Екатеринбург;
купить камаз земли в екатеринбурге;4;4;Екатеринбург;
земля купить в мешках екатеринбург;4;58;Екатеринбург;да
купить землю в коттеджном поселке екатеринбург;4;13;Екатеринбург;
земля в мешках с доставкой екатеринбург;4;12;Екатеринбург;да
купить землю для цветов в екатеринбурге;4;9;Екатеринбург;
купить землю в академическом районе екатеринбург;4;9;Екатеринбург;
купить землю промышленного назначения в екатеринбурге;4;4;Екатеринбург;
стоимость сотки земли в екатеринбурге по районам;4;12;Екатеринбург;
купить землю в коттеджном поселке в екатеринбурге;4;13;Екатеринбург;
опил купить в нижнем тагиле;4;26;Нижний Тагил;
купить опилки древесные екатеринбург;4;4;Екатеринбург;
навоз в екатеринбурге;4;175;Екатеринбург;
купить торф в нижнем тагиле с доставкой;3;46;Нижний Тагил;
торф купить нижний тагил;3;98;Нижний Тагил;
фрезерованный торф купить екатеринбург;3;29;Екатеринбург;
торф кислый екатеринбург;3;83;Екатеринбург;
торф фрезерованный купить в екатеринбурге;3;24;Екатеринбург;
купить торф екатеринбург самовывозом;3;3;Екатеринбург;
ртк екатеринбург торф;3;8;Екатеринбург;
сертификат на торф екатеринбург;3;3;Екатеринбург;
чернозем и торф купить в екатеринбурге;3;3;Екатеринбург;
торф верховой кислый для голубики купить в екатеринбурге;3;3;Екатеринбург;
торфогрунт в екатеринбурге;3;41;Екатеринбург;
екатеринбург чернозем;3;288;Екатеринбург;
купить чернозем в екб;3;3;Екатеринбург;
растительный грунт екатеринбург;3;13;Екатеринбург;
грунт гф 021 екатеринбург;3;22;Екатеринбург;
грунт для комнатных растений екатеринбург;3;8;Екатеринбург;
купить грунт в екатеринбурге с доставкой;3;55;Екатеринбург;
купить грунт для гортензий в екатеринбурге;3;5;Екатеринбург;
авито екатеринбург перегной;3;9;Екатеринбург;
земля нижний тагил;3;334;Нижний Тагил;
купить землю на пырловке нижний тагил;3;3;Нижний Тагил;
участки земли екатеринбург;3;186;Екатеринбург;
купить землю под екатеринбургом;3;260;Екатеринбург;
заказать землю в екатеринбурге;3;14;Екатеринбург;
купить землю участок екатеринбург;3;85;Екатеринбург;
магнитное поле земли екатеринбург сегодня;3;29;Екатеринбург;
рыночная стоимость земли в екатеринбурге;3;11;Екатеринбург;
купить землю в лесу екатеринбург;3;4;Екатеринбург;
стоимость земли в екатеринбурге за сотку;3;21;Екатеринбург;
цена земли за сотку в екатеринбурге;3;10;Екатеринбург;
вилы для копки земли купить в екатеринбурге;3;4;Екатеринбург;
купить плодородную землю в мешках с доставкой в екатеринбурге;3;3;Екатеринбург;да
земля екб;3;238;Екатеринбург;
опил в мешках нижний тагил;3;10;Нижний Тагил;да
купить в екатеринбурге опил;3;102;Екатеринбург;
екатеринбург купить опил в мешках;3;73;Екатеринбург;да
купить опилки в нижнем тагиле;3;9;Нижний Тагил;
опилки в мешках купить в екатеринбурге;3;12;Екатеринбург;да
навоз конский нижний тагил;3;21;Нижний Тагил;
навоз конский в мешках купить екатеринбург;3;17;Екатеринбург;да
купить торф н тагил;2;13;Нижний Тагил;
торф нижний тагил;2;127;Нижний Тагил;
купить торф в н тагиле;2;7;Нижний Тагил;
нижний тагил купить торф авито;2;3;Нижний Тагил;
авито екатеринбург торф;2;8;Екатеринбург;
торф в екатеринбурге;2;468;Екатеринбург;
купить машину торфа екатеринбург;2;7;Екатеринбург;
кислый верховой торф купить екатеринбург;2;27;Екатеринбург;
где набрать торф в екатеринбурге;2;3;Екатеринбург;
машина торфа цена екатеринбург;2;7;Екатеринбург;
торф агробалт в купить в екатеринбурге;2;4;Екатеринбург;
торфогрунт в мешках купить екатеринбург;2;2;Екатеринбург;да
н тагил купить чернозем;2;18;Нижний Тагил;
купить чернозем в нижнем тагиле в мешках;2;6;Нижний Тагил;да
купить землю чернозем в екатеринбурге;2;5;Екатеринбург;
авито екатеринбург чернозем;2;18;Екатеринбург;
купить землю чернозем екатеринбург;2;7;Екатеринбург;
заказать чернозем в екатеринбурге;2;5;Екатеринбург;
стабилизация грунтов екатеринбург;2;3;Екатеринбург;
карта грунтов екатеринбург;2;12;Екатеринбург;
растительный грунт купить екатеринбург;2;2;Екатеринбург;
купить грунт плодородный екатеринбург;2;34;Екатеринбург;
какие грунты в екатеринбурге;2;11;Екатеринбург;
температура грунта в екатеринбурге;2;4;Екатеринбург;
агробалт грунт купить екатеринбург;2;19;Екатеринбург;
грунт цинконаполненный купить в екатеринбурге;2;7;Екатеринбург;
инъектирование грунтов под фундаментом екатеринбург;2;2;Екатеринбург;
эпоксидный грунт для авто купить екатеринбург;2;4;Екатеринбург;
грунт 50 литров купить в екатеринбурге;2;2;Екатеринбург;
терра вита грунт купить в екатеринбурге;2;5;Екатеринбург;
грунт для хвойных купить в екатеринбурге;2;3;Екатеринбург;
плодородный грунт купить в екатеринбурге в мешках;2;3;Екатеринбург;да
грунт для кактусов купить екб;2;2;Екатеринбург;
купить почвогрунт екатеринбург;2;62;Екатеринбург;
перегной купить н тагил;2;4;Нижний Тагил;
заказать перегной екатеринбург;2;5;Екатеринбург;
где купить перегной в мешках в екатеринбурге;2;3;Екатеринбург;да
купить перегной в екатеринбурге с доставкой цена мешках;2;27;Екатеринбург;да
где купить перегной в екатеринбурге;2;14;Екатеринбург;
доставка перегноя екатеринбург;2;137;Екатеринбург;
купить землю в дзержинском районе нижний тагил;2;2;Нижний Тагил;
курганово екатеринбург земля;2;7;Екатеринбург;
риэлтор земля екатеринбург;2;6;Екатеринбург;
цена земли в екатеринбурге;2;138;Екатеринбург;
цены на землю екатеринбург;2;75;Екатеринбург;
купить землю таватуй екатеринбург;2;25;Екатеринбург;
земля под застройку екатеринбург;2;19;Екатеринбург;
купить землю екатеринбург авито;2;15;Екатеринбург;
купить землю возле екатеринбурга;2;15;Екатеринбург;
юрист по земле екатеринбург;2;8;Екатеринбург;
купить землю екатеринбург исток;2;8;Екатеринбург;
машину земли купить екатеринбург;2;6;Екатеринбург;
рекультивация земель в екатеринбурге;2;5;Екатеринбург;
экодолье екатеринбург купить землю;2;5;Екатеринбург;
земля коммерческого назначения екатеринбург;2;3;Екатеринбург;
квартира на земле екатеринбург;2;3;Екатеринбург;
марс на земле екатеринбург;2;3;Екатеринбург;
земля под автостоянку екатеринбург;2;2;Екатеринбург;
камаз земли цена екатеринбург;2;2;Екатеринбург;
екатеринбург купить землю уралниисхоз;2;2;Екатеринбург;
русская земля ооо екатеринбург;2;2;Екатеринбург;
купить землю для огорода екатеринбург;2;27;Екатеринбург;
коттеджный поселок екатеринбург купить землю;2;26;Екатеринбург;
купить землю в районе екатеринбурга;2;23;Екатеринбург;
купить землю в садовом екатеринбург;2;17;Екатеринбург;
земля для цветов купить екатеринбург;2;12;Екатеринбург;
земля под производство в екатеринбурге;2;8;Екатеринбург;
земля под автомойку в екатеринбурге;2;5;Екатеринбург;
купить землю на изоплите екатеринбург;2;5;Екатеринбург;
купить землю малый исток екатеринбург;2;4;Екатеринбург;
земля для суккулентов купить екатеринбург;2;2;Екатеринбург;
вспахать землю трактором цена екатеринбург;2;2;Екатеринбург;
цена земли в центре екатеринбурга;2;2;Екатеринбург;
купить землю под автосервис екатеринбург;2;2;Екатеринбург;
купить землю в заповеднике екатеринбург;2;2;Екатеринбург;
купить землю у государства екатеринбург;2;4;Екатеринбург;
магнитное поле земли сегодня в екатеринбурге;2;26;Екатеринбург;
сколько стоит участок земли в екатеринбурге;2;7;Екатеринбург;
купить землю в черте города екатеринбурга;2;6;Екатеринбург;
купить землю у администрации города екатеринбурга;2;4;Екатеринбург;
сколько стоит камаз земли в екатеринбурге;2;2;Екатеринбург;
поиск повреждения кабеля в земле екатеринбург;2;2;Екатеринбург;
юрист по земле екатеринбург наталья кирпикова;2;2;Екатеринбург;
купить землю на чусовском тракте екатеринбург;2;2;Екатеринбург;
купить землю под коммерцию в екатеринбурге;2;2;Екатеринбург;
купить плодородную землю с доставкой в екатеринбурге;2;5;Екатеринбург;
сколько стоит 10 соток земли в екатеринбурге;2;3;Екатеринбург;
стоимость земли в екатеринбурге за сотку в черте;2;9;Екатеринбург;
земля купить екб;2;75;Екатеринбург;
авито опил нижний тагил;2;2;Нижний Тагил;
опил нижний тагил купить;2;31;Нижний Тагил;
опил с доставкой нижний тагил;2;21;Нижний Тагил;
купить опил в н тагиле;2;2;Нижний Тагил;
куплю опил екатеринбург;2;124;Екатеринбург;
сухой опил екатеринбург купить;2;3;Екатеринбург;
опил купить екатеринбург;2;124;Екатеринбург;
опил в екатеринбурге самовывоз;2;19;Екатеринбург;
опилки в мешках купить в нижнем тагиле;2;4;Нижний Тагил;да
опилки екатеринбург купить;2;120;Екатеринбург;
купить опилки для грызунов в екатеринбурге;2;2;Екатеринбург;
опилки стружка купить екатеринбург;2;3;Екатеринбург;
где можно купить в екатеринбурге опилки;2;2;Екатеринбург;
купить опилки в екатеринбурге с доставкой;2;32;Екатеринбург;
где купить опилки екатеринбург;2;5;Екатеринбург;
навоз нижний тагил;2;103;Нижний Тагил;
навоз в мешках купить нижний тагил;2;11;Нижний Тагил;да
купить навоз в мешках в нижнем тагиле;2;11;Нижний Тагил;да
купить навоз в нижнем тагиле в мешках с доставкой цена;2;2;Нижний Тагил;да
купить конский навоз в мешках с доставкой в нижнем тагиле;2;2;Нижний Тагил;да
доставка навоза нижний тагил;2;8;Нижний Тагил;
купить навоз коровий в екатеринбурге;2;10;Екатеринбург;
гранулированный конский навоз купить в екатеринбурге;2;2;Екатеринбург;
цена на навоз в екатеринбурге;2;2;Екатеринбург;
где купить конский навоз в екатеринбурге;2;2;Екатеринбург;
авито екатеринбург навоз;2;6;Екатеринбург;
